ambiente,agente,seed
BlueBoatNav-v2,td3,0
BlueROV2Nav-v2,td3,0
BlueBoatTrajectoryFollower-v2,td3,0
BlueROV2TrajectoryFollower-v2,td3,0
BlueBoatNav-v1,cuprl,0
BlueBoatTrajectoryFollower-v1,cuprl,0
BlueROV2Dock-v1,cuprl,0
BlueROV2Nav-v1,cuprl,0
BlueROV2TrajectoryFollower-v1,cuprl,0
DjiMatriceHover-v1,cuprl,0
DjiMatriceLand-v1,cuprl,0
DjiMatriceNav-v1,cuprl,0
DjiMatriceTrajectoryFollower-v1,cuprl,0
TorpedoDock-v1,cuprl,0
TorpedoNav-v1,cuprl,0
DjiMatriceHover-v0,td3,0
DjiMatriceNav-v2,td3,0
DjiMatriceTrajectoryFollower-v2,td3,0
TorpedoDock-v0,td3,0
TorpedoNav-v0,td3,0
TorpedoNav-v2,td3,0
TorpedoTrajectoryFollower-v2,td3,0
BlueBoatNav-v2,td3,1
BlueROV2Nav-v2,td3,1
BlueBoatTrajectoryFollower-v2,td3,1
BlueROV2TrajectoryFollower-v2,td3,1
BlueBoatNav-v1,cuprl,1
BlueBoatTrajectoryFollower-v1,cuprl,1
BlueROV2Dock-v1,cuprl,1
BlueROV2Nav-v1,cuprl,1
BlueROV2TrajectoryFollower-v1,cuprl,1
DjiMatriceHover-v1,cuprl,1
DjiMatriceLand-v1,cuprl,1
DjiMatriceNav-v1,cuprl,1
DjiMatriceTrajectoryFollower-v1,cuprl,1
TorpedoDock-v1,cuprl,1
TorpedoNav-v1,cuprl,1
BlueBoatNav-v0,td3,1
BlueBoatTrajectoryFollower-v0,td3,1
BlueROV2Dock-v0,td3,1
BlueROV2Nav-v0,td3,1
BlueROV2TrajectoryFollower-v0,td3,1
DjiMatriceHover-v0,td3,1
DjiMatriceLand-v0,td3,1
DjiMatriceNav-v0,td3,1
DjiMatriceNav-v2,td3,1
DjiMatriceTrajectoryFollower-v0,td3,1
DjiMatriceTrajectoryFollower-v2,td3,1
TorpedoDock-v0,td3,1
TorpedoNav-v0,td3,1
TorpedoNav-v2,td3,1
TorpedoTrajectoryFollower-v2,td3,1
BlueBoatNav-v2,td3,2
BlueROV2Nav-v2,td3,2
BlueBoatTrajectoryFollower-v2,td3,2
BlueROV2TrajectoryFollower-v2,td3,2
BlueBoatNav-v1,cuprl,2
BlueBoatTrajectoryFollower-v1,cuprl,2
BlueROV2Dock-v1,cuprl,2
BlueROV2Nav-v1,cuprl,2
BlueROV2TrajectoryFollower-v1,cuprl,2
DjiMatriceHover-v1,cuprl,2
DjiMatriceLand-v1,cuprl,2
DjiMatriceNav-v1,cuprl,2
DjiMatriceTrajectoryFollower-v1,cuprl,2
TorpedoDock-v1,cuprl,2
TorpedoNav-v1,cuprl,2
BlueBoatNav-v0,td3,2
BlueBoatTrajectoryFollower-v0,td3,2
BlueROV2Dock-v0,td3,2
BlueROV2Nav-v0,td3,2
BlueROV2TrajectoryFollower-v0,td3,2
DjiMatriceHover-v0,td3,2
DjiMatriceLand-v0,td3,2
DjiMatriceNav-v0,td3,2
DjiMatriceNav-v2,td3,2
DjiMatriceTrajectoryFollower-v0,td3,2
DjiMatriceTrajectoryFollower-v2,td3,2
TorpedoDock-v0,td3,2
TorpedoNav-v0,td3,2
TorpedoNav-v2,td3,2
TorpedoTrajectoryFollower-v2,td3,2
