episode,agent,observation_type,task,seed,frame,episode_reward,duration
0,td3,state,blueboatnav-v0,0,0,-inf,2.86102294921875e-06
1,td3,state,blueboatnav-v0,0,400,-1.2949985003737994,20.002662658691406
2,td3,state,blueboatnav-v0,0,800,-0.5561508923370144,20.002572774887085
3,td3,state,blueboatnav-v0,0,1200,-1.2606081963618023,20.002548933029175
4,td3,state,blueboatnav-v0,0,1600,-1.7053954047784075,20.002323150634766
5,td3,state,blueboatnav-v0,0,2000,0.766837146817127,20.002500772476196
6,td3,state,blueboatnav-v0,0,2400,-0.7935864003321157,20.002415657043457
7,td3,state,blueboatnav-v0,0,2800,-1.903904239450034,20.00356435775757
8,td3,state,blueboatnav-v0,0,3200,-2.87261599081415,20.002914428710938
9,td3,state,blueboatnav-v0,0,3600,0.5009684533355128,20.002803802490234
10,td3,state,blueboatnav-v0,0,4000,-0.32276550075604615,20.00242519378662
11,td3,state,blueboatnav-v0,0,4400,4.823304301720149,20.00260066986084
12,td3,state,blueboatnav-v0,0,4800,-2.7773415697801247,20.002312183380127
13,td3,state,blueboatnav-v0,0,5200,-3.4841569423234926,20.002389669418335
14,td3,state,blueboatnav-v0,0,5600,-1.5989452331023342,20.002442121505737
15,td3,state,blueboatnav-v0,0,6000,-0.24623814817478595,20.002622842788696
16,td3,state,blueboatnav-v0,0,6400,-0.43011981748381556,20.00251317024231
17,td3,state,blueboatnav-v0,0,6800,-0.6010115124026976,20.00230598449707
18,td3,state,blueboatnav-v0,0,7200,-1.345870494233443,20.0027174949646
19,td3,state,blueboatnav-v0,0,7600,-0.3948200597458552,20.00236678123474
20,td3,state,blueboatnav-v0,0,8000,-3.035138499497476,20.002347707748413
21,td3,state,blueboatnav-v0,0,8400,-1.001997570689314,20.00262713432312
22,td3,state,blueboatnav-v0,0,8800,-4.670744923475202,20.002536296844482
23,td3,state,blueboatnav-v0,0,9200,-1.5781372531538747,20.002350568771362
24,td3,state,blueboatnav-v0,0,9600,-0.8428747640319819,20.002416133880615
25,td3,state,blueboatnav-v0,0,10000,-2.6640920855233134,20.002460718154907
26,td3,state,blueboatnav-v0,0,10400,-1.4247282308102307,20.002758502960205
27,td3,state,blueboatnav-v0,0,10800,-1.1364504669624385,20.002653121948242
28,td3,state,blueboatnav-v0,0,11200,1.009272475031983,20.002756595611572
29,td3,state,blueboatnav-v0,0,11600,-1.2403120684057891,20.00251793861389
30,td3,state,blueboatnav-v0,0,12000,-2.7848782703028583,20.002892017364502
31,td3,state,blueboatnav-v0,0,12400,-0.555112451523485,20.00285506248474
32,td3,state,blueboatnav-v0,0,12800,-0.20171762510543756,20.002805709838867
33,td3,state,blueboatnav-v0,0,13200,-3.471903053442617,20.00233507156372
34,td3,state,blueboatnav-v0,0,13600,-1.1915328633924456,20.00253677368164
35,td3,state,blueboatnav-v0,0,14000,-4.095959238930348,20.002851009368896
36,td3,state,blueboatnav-v0,0,14400,-0.5232766128423634,20.002405881881714
37,td3,state,blueboatnav-v0,0,14800,-0.7635550762832854,20.00243830680847
38,td3,state,blueboatnav-v0,0,15200,-0.18838890846756104,20.002570629119873
39,td3,state,blueboatnav-v0,0,15600,-2.7891784454589685,20.00188708305359
40,td3,state,blueboatnav-v0,0,16000,-3.4974357235311158,20.002705097198486
41,td3,state,blueboatnav-v0,0,16400,-0.7783229553371319,20.002439260482788
42,td3,state,blueboatnav-v0,0,16800,0.09596932068720868,20.00240468978882
43,td3,state,blueboatnav-v0,0,17200,-2.1038434599826012,20.00242781639099
44,td3,state,blueboatnav-v0,0,17600,-0.7591436137495293,20.00261664390564
45,td3,state,blueboatnav-v0,0,18000,-0.5159387207183843,20.002400875091553
46,td3,state,blueboatnav-v0,0,18400,-0.30585818127154546,20.003268718719482
47,td3,state,blueboatnav-v0,0,18800,-1.000085479896415,20.002676248550415
48,td3,state,blueboatnav-v0,0,19200,-0.44420053153033634,20.002580642700195
49,td3,state,blueboatnav-v0,0,19600,22.995947433638484,20.002476692199707
