step,seg,x,y,z,roll,pitch,yaw,action,reward,terminated,truncated,speed_xy
1,ponto_frente,100.0,100.0,0.0,0.0,-0.0,-0.0,108 100 0 0,0.0,False,False,0.0
2,ponto_frente,100.0003,100.0,-0.0012,0.0,-0.0,-0.0,108 100 0 0,0.001,False,False,0.0064
3,ponto_frente,100.0013,100.0,-0.0047,0.0,-0.0,-0.0,108 100 0 0,0.0028,False,False,0.0186
4,ponto_frente,100.0028,100.0,-0.0104,0.0,-0.0,-0.0,108 100 0 0,0.0046,False,False,0.0305
5,ponto_frente,100.0049,100.0,-0.0181,0.0,-0.0,-0.0,108 100 0 0,0.0063,False,False,0.0421
6,ponto_frente,100.0076,100.0,-0.0275,0.0,-0.0,-0.0,108 100 0 0,0.0081,False,False,0.0539
7,ponto_frente,100.0108,100.0,-0.0382,0.0,-0.0,-0.0,108 100 0 0,0.0097,False,False,0.065
8,ponto_frente,100.0146,100.0,-0.0499,0.0,-0.0,-0.0,108 100 0 0,0.0112,False,False,0.076
9,ponto_frente,100.019,100.0,-0.0622,0.0,-0.0,-0.0,108 100 0 0,0.0127,False,False,0.0868
10,ponto_frente,100.0238,100.0,-0.0746,0.0,-0.0,-0.0,108 100 0 0,0.0142,False,False,0.0974
11,ponto_frente,100.0292,100.0,-0.0869,0.0,-0.0,-0.0,108 100 0 0,0.0156,False,False,0.1077
12,ponto_frente,100.0351,100.0,-0.0985,0.0,-0.0,-0.0,108 100 0 0,0.017,False,False,0.1176
13,ponto_frente,100.0415,100.0,-0.1092,0.0,-0.0,-0.0,108 100 0 0,0.0184,False,False,0.1276
14,ponto_frente,100.0483,100.0,-0.1187,0.0,-0.0,-0.0,108 100 0 0,0.0198,False,False,0.137
15,ponto_frente,100.0556,100.0,-0.1268,0.0,-0.0,-0.0,108 100 0 0,0.0211,False,False,0.1462
16,ponto_frente,100.0634,100.0,-0.1332,0.0,-0.0,-0.0,108 100 0 0,0.0225,False,False,0.1552
17,ponto_frente,100.0716,100.0,-0.1379,0.0,-0.0,-0.0,108 100 0 0,0.0238,False,False,0.1639
18,ponto_frente,100.0802,100.0,-0.1406,0.0,-0.0,-0.0,108 100 0 0,0.0251,False,False,0.1723
19,ponto_frente,100.0892,100.0,-0.1414,0.0,-0.0,-0.0,108 100 0 0,0.0264,False,False,0.1805
20,ponto_frente,100.0987,100.0,-0.1402,0.0,-0.0,-0.0,108 100 0 0,0.0276,False,False,0.1884
21,ponto_frente,100.1085,100.0,-0.137,0.0,-0.0,-0.0,108 100 0 0,0.0288,False,False,0.1961
22,ponto_frente,100.1186,100.0,-0.1318,0.0,-0.0,-0.0,108 100 0 0,0.03,False,False,0.2032
23,ponto_frente,100.1292,100.0,-0.125,0.0,-0.0,-0.0,108 100 0 0,0.0311,False,False,0.2106
24,ponto_frente,100.14,100.0,-0.1167,0.0,-0.0,-0.0,108 100 0 0,0.0321,False,False,0.2174
25,ponto_frente,100.1512,100.0,-0.1072,0.0,-0.0,-0.0,108 100 0 0,0.033,False,False,0.2238
26,ponto_frente,100.1627,100.0,-0.0969,0.0,-0.0,-0.0,108 100 0 0,0.034,False,False,0.2304
27,ponto_frente,100.1746,100.0,-0.086,0.0,-0.0,-0.0,108 100 0 0,0.0348,False,False,0.2364
28,ponto_frente,100.1867,100.0,-0.075,0.0,-0.0,-0.0,108 100 0 0,0.0356,False,False,0.2423
29,ponto_frente,100.1991,100.0,-0.0643,0.0,-0.0,-0.0,108 100 0 0,0.0363,False,False,0.248
30,ponto_frente,100.2117,100.0,-0.054,0.0,-0.0,-0.0,108 100 0 0,0.0371,False,False,0.2534
31,ponto_frente,100.2247,100.0,-0.0445,0.0,-0.0,-0.0,108 100 0 0,0.0378,False,False,0.2585
32,ponto_frente,100.2378,100.0,-0.0362,0.0,-0.0,-0.0,108 100 0 0,0.0384,False,False,0.2635
33,ponto_frente,100.2513,100.0,-0.0291,0.0,-0.0,-0.0,108 100 0 0,0.0391,False,False,0.2684
34,ponto_frente,100.2649,100.0,-0.0234,0.0,-0.0,-0.0,108 100 0 0,0.0398,False,False,0.2728
35,ponto_frente,100.2788,100.0,-0.0194,0.0,-0.0,-0.0,108 100 0 0,0.0404,False,False,0.2773
36,ponto_frente,100.2928,100.0,-0.0171,0.0,-0.0,-0.0,108 100 0 0,0.0411,False,False,0.2814
37,ponto_frente,100.3071,100.0,-0.0165,0.0,-0.0,-0.0,108 100 0 0,0.0417,False,False,0.2853
38,ponto_frente,100.3216,100.0,-0.0178,0.0,-0.0,-0.0,108 100 0 0,0.0423,False,False,0.2892
39,ponto_frente,100.3362,100.0,-0.0208,0.0,-0.0,-0.0,108 100 0 0,0.0428,False,False,0.2928
40,ponto_frente,100.351,100.0,-0.0256,0.0,-0.0,-0.0,108 100 0 0,0.0433,False,False,0.2962
41,ponto_frente,100.366,100.0,-0.0319,0.0,-0.0,-0.0,108 100 0 0,0.0438,False,False,0.2995
42,ponto_frente,100.3811,100.0,-0.0395,0.0,-0.0,-0.0,108 100 0 0,0.0443,False,False,0.3026
43,ponto_frente,100.3964,100.0,-0.0481,0.0,-0.0,-0.0,108 100 0 0,0.0447,False,False,0.3056
44,ponto_frente,100.4118,100.0,-0.0575,0.0,-0.0,-0.0,108 100 0 0,0.045,False,False,0.3084
45,ponto_frente,100.4274,100.0,-0.0673,0.0,-0.0,-0.0,108 100 0 0,0.0454,False,False,0.3111
46,ponto_frente,100.443,100.0,-0.0773,0.0,-0.0,-0.0,108 100 0 0,0.0456,False,False,0.3136
47,ponto_frente,100.4588,100.0,-0.0871,0.0,-0.0,-0.0,108 100 0 0,0.0459,False,False,0.316
48,ponto_frente,100.4748,100.0,-0.0964,0.0,-0.0,-0.0,108 100 0 0,0.0462,False,False,0.3183
49,ponto_frente,100.4908,100.0,-0.1049,0.0,-0.0,-0.0,108 100 0 0,0.0465,False,False,0.3204
50,ponto_frente,100.5069,100.0,-0.1125,0.0,-0.0,-0.0,108 100 0 0,0.0468,False,False,0.3224
51,ponto_frente,100.5231,100.0,-0.1189,0.0,-0.0,-0.0,108 100 0 0,0.0471,False,False,0.3244
52,ponto_frente,100.5394,100.0,-0.1239,0.0,-0.0,-0.0,108 100 0 0,0.0473,False,False,0.3262
53,ponto_frente,100.5558,100.0,-0.1275,0.0,-0.0,-0.0,108 100 0 0,0.0476,False,False,0.3279
54,ponto_frente,100.5723,100.0,-0.1295,0.0,-0.0,-0.0,108 100 0 0,0.0479,False,False,0.3294
55,ponto_frente,100.5889,100.0,-0.1298,0.0,-0.0,-0.0,108 100 0 0,0.0482,False,False,0.3311
56,ponto_frente,100.6055,100.0,-0.1285,0.0,-0.0,-0.0,108 100 0 0,0.0485,False,False,0.3323
57,ponto_frente,100.6222,100.0,-0.1256,0.0,-0.0,-0.0,108 100 0 0,0.0487,False,False,0.3339
58,ponto_frente,100.6389,100.0,-0.1211,0.0,-0.0,-0.0,108 100 0 0,0.0489,False,False,0.3349
59,ponto_frente,100.6557,100.0,-0.1152,0.0,-0.0,-0.0,108 100 0 0,0.0491,False,False,0.3362
60,ponto_frente,100.6726,100.0,-0.1082,0.0,-0.0,-0.0,108 100 0 0,0.0493,False,False,0.3374
61,ponto_frente,100.6895,100.0,-0.1001,0.0,-0.0,-0.0,108 100 0 0,0.0494,False,False,0.3381
62,ponto_frente,100.7065,100.0,-0.0914,0.0,-0.0,-0.0,108 100 0 0,0.0496,False,False,0.3392
63,ponto_frente,100.7235,100.0,-0.0823,0.0,-0.0,-0.0,108 100 0 0,0.0496,False,False,0.3401
64,ponto_frente,100.7405,100.0,-0.0731,0.0,-0.0,-0.0,108 100 0 0,0.0497,False,False,0.3409
65,ponto_frente,100.7576,100.0,-0.064,0.0,-0.0,-0.0,108 100 0 0,0.0497,False,False,0.3415
66,ponto_frente,100.7747,100.0,-0.0555,0.0,-0.0,-0.0,108 100 0 0,0.0498,False,False,0.3423
67,ponto_frente,100.7918,100.0,-0.0476,0.0,-0.0,-0.0,108 100 0 0,0.0498,False,False,0.343
68,ponto_frente,100.809,100.0,-0.0406,0.0,-0.0,-0.0,108 100 0 0,0.0499,False,False,0.3435
69,ponto_frente,100.8262,100.0,-0.0348,0.0,-0.0,-0.0,108 100 0 0,0.0499,False,False,0.3439
70,ponto_frente,100.8434,100.0,-0.0302,0.0,-0.0,-0.0,108 100 0 0,0.05,False,False,0.3444
71,ponto_frente,100.8607,100.0,-0.027,0.0,-0.0,-0.0,108 100 0 0,0.05,False,False,0.3448
72,ponto_frente,100.8779,100.0,-0.0253,0.0,-0.0,-0.0,108 100 0 0,0.0501,False,False,0.3453
73,ponto_frente,100.8952,100.0,-0.0251,0.0,-0.0,-0.0,108 100 0 0,0.0502,False,False,0.3456
74,ponto_frente,100.9125,100.0,-0.0264,0.0,-0.0,-0.0,108 100 0 0,0.0502,False,False,0.3458
75,ponto_frente,100.9298,100.0,-0.0293,0.0,-0.0,-0.0,108 100 0 0,0.0503,False,False,0.3461
76,ponto_frente,100.9471,100.0,-0.0336,0.0,-0.0,-0.0,108 100 0 0,0.0503,False,False,0.3464
77,ponto_frente,100.9645,100.0,-0.0392,0.0,-0.0,-0.0,108 100 0 0,0.0503,False,False,0.3465
78,ponto_frente,100.9818,100.0,-0.0459,0.0,-0.0,-0.0,108 100 0 0,0.0503,False,False,0.3465
79,ponto_frente,100.9991,100.0,-0.0535,0.0,-0.0,-0.0,108 100 0 0,0.0503,False,False,0.3468
80,ponto_frente,101.0165,100.0,-0.0617,0.0,-0.0,-0.0,108 100 0 0,0.0502,False,False,0.3467
81,ponto_frente,101.0338,100.0,-0.0702,0.0,-0.0,-0.0,108 100 0 0,0.0502,False,False,0.347
82,ponto_frente,101.0512,100.0,-0.0789,0.0,-0.0,-0.0,108 100 0 0,0.0502,False,False,0.3468
83,ponto_frente,101.0685,100.0,-0.0873,0.0,-0.0,-0.0,108 100 0 0,0.0501,False,False,0.3468
84,ponto_frente,101.0858,100.0,-0.0954,0.0,-0.0,-0.0,108 100 0 0,0.05,False,False,0.3468
85,ponto_frente,101.1032,100.0,-0.1027,0.0,-0.0,-0.0,108 100 0 0,0.05,False,False,0.3467
86,ponto_frente,101.1205,100.0,-0.1092,0.0,-0.0,-0.0,108 100 0 0,0.05,False,False,0.3467
87,ponto_frente,101.1378,100.0,-0.1146,0.0,-0.0,-0.0,108 100 0 0,0.05,False,False,0.3465
88,ponto_frente,101.1552,100.0,-0.1188,0.0,-0.0,-0.0,108 100 0 0,0.05,False,False,0.3465
89,ponto_frente,101.1725,100.0,-0.1218,0.0,-0.0,-0.0,108 100 0 0,0.05,False,False,0.3462
90,ponto_frente,101.1898,100.0,-0.1233,0.0,-0.0,-0.0,108 100 0 0,0.05,False,False,0.3461
91,ponto_frente,101.2071,100.0,-0.1233,0.0,-0.0,-0.0,108 100 0 0,0.05,False,False,0.3461
92,ponto_frente,101.2244,100.0,-0.122,0.0,-0.0,-0.0,108 100 0 0,0.05,False,False,0.3456
93,ponto_frente,101.2416,100.0,-0.1191,0.0,-0.0,-0.0,108 100 0 0,0.0501,False,False,0.3455
94,ponto_frente,101.2589,100.0,-0.115,0.0,-0.0,-0.0,108 100 0 0,0.0501,False,False,0.3453
95,ponto_frente,101.2761,100.0,-0.1096,0.0,-0.0,-0.0,108 100 0 0,0.0501,False,False,0.345
96,ponto_frente,101.2934,100.0,-0.1032,0.0,-0.0,-0.0,108 100 0 0,0.05,False,False,0.3447
97,ponto_frente,101.3106,100.0,-0.0959,0.0,-0.0,-0.0,108 100 0 0,0.05,False,False,0.3445
98,ponto_frente,101.3278,100.0,-0.0881,0.0,-0.0,-0.0,108 100 0 0,0.0499,False,False,0.3441
99,ponto_frente,101.345,100.0,-0.08,0.0,-0.0,-0.0,108 100 0 0,0.0498,False,False,0.3439
100,ponto_frente,101.3622,100.0,-0.0717,0.0,-0.0,-0.0,108 100 0 0,0.0497,False,False,0.3435
101,ponto_frente,101.3793,100.0,-0.0637,0.0,-0.0,-0.0,108 100 0 0,0.0496,False,False,0.3432
102,ponto_frente,101.3965,100.0,-0.0561,0.0,-0.0,-0.0,108 100 0 0,0.0495,False,False,0.3429
103,ponto_frente,101.4136,100.0,-0.0492,0.0,-0.0,-0.0,108 100 0 0,0.0494,False,False,0.3424
104,ponto_frente,101.4307,100.0,-0.0431,0.0,-0.0,-0.0,108 100 0 0,0.0493,False,False,0.3421
105,ponto_frente,101.4478,100.0,-0.038,0.0,-0.0,-0.0,108 100 0 0,0.0492,False,False,0.3418
106,ponto_frente,101.4649,100.0,-0.0341,0.0,-0.0,-0.0,108 100 0 0,0.0492,False,False,0.3413
107,ponto_frente,101.4819,100.0,-0.0314,0.0,-0.0,-0.0,108 100 0 0,0.0491,False,False,0.341
108,ponto_frente,101.4989,100.0,-0.0301,0.0,-0.0,-0.0,108 100 0 0,0.0491,False,False,0.3406
109,ponto_frente,101.516,100.0,-0.0301,0.0,-0.0,-0.0,108 100 0 0,0.049,False,False,0.3401
110,ponto_frente,101.5329,100.0,-0.0316,0.0,-0.0,-0.0,108 100 0 0,0.049,False,False,0.3398
111,ponto_frente,101.5499,100.0,-0.0344,0.0,-0.0,-0.0,108 100 0 0,0.0489,False,False,0.3394
112,ponto_frente,101.5669,100.0,-0.0385,0.0,-0.0,-0.0,108 100 0 0,0.0489,False,False,0.3389
113,ponto_frente,101.5838,100.0,-0.0437,0.0,-0.0,-0.0,108 100 0 0,0.0488,False,False,0.3384
114,ponto_frente,101.6007,100.0,-0.0499,0.0,-0.0,-0.0,108 100 0 0,0.0487,False,False,0.338
115,ponto_frente,101.6176,100.0,-0.0569,0.0,-0.0,-0.0,108 100 0 0,0.0486,False,False,0.3375
116,ponto_frente,101.6344,100.0,-0.0644,0.0,-0.0,-0.0,108 100 0 0,0.0485,False,False,0.3372
117,ponto_frente,101.6512,100.0,-0.0722,0.0,-0.0,-0.0,108 100 0 0,0.0484,False,False,0.3366
118,ponto_frente,101.6681,100.0,-0.08,0.0,-0.0,-0.0,108 100 0 0,0.0483,False,False,0.3363
119,ponto_frente,101.6848,100.0,-0.0877,0.0,-0.0,-0.0,108 100 0 0,0.0481,False,False,0.3357
120,ponto_frente,101.7016,100.0,-0.0949,0.0,-0.0,-0.0,108 100 0 0,0.048,False,False,0.3352
121,ponto_frente,101.7183,100.0,-0.1015,0.0,-0.0,-0.0,108 100 0 0,0.0479,False,False,0.3348
122,ponto_frente,101.7351,100.0,-0.1073,0.0,-0.0,-0.0,108 100 0 0,0.0478,False,False,0.3343
123,ponto_frente,101.7518,100.0,-0.1121,0.0,-0.0,-0.0,108 100 0 0,0.0478,False,False,0.3339
124,ponto_frente,101.7684,100.0,-0.1158,0.0,-0.0,-0.0,108 100 0 0,0.0477,False,False,0.3333
125,ponto_frente,101.7851,100.0,-0.1182,0.0,-0.0,-0.0,108 100 0 0,0.0477,False,False,0.3328
126,ponto_frente,101.8017,100.0,-0.1194,0.0,-0.0,-0.0,108 100 0 0,0.0477,False,False,0.3323
127,ponto_frente,101.8183,100.0,-0.1193,0.0,-0.0,-0.0,108 100 0 0,0.0477,False,False,0.3319
128,ponto_frente,101.8348,100.0,-0.1178,0.0,-0.0,-0.0,108 100 0 0,0.0477,False,False,0.3314
129,ponto_frente,101.8514,100.0,-0.115,0.0,-0.0,-0.0,108 100 0 0,0.0476,False,False,0.3308
130,ponto_frente,101.8679,100.0,-0.111,0.0,-0.0,-0.0,108 100 0 0,0.0476,False,False,0.3304
131,ponto_frente,101.8844,100.0,-0.1059,0.0,-0.0,-0.0,108 100 0 0,0.0476,False,False,0.3297
132,ponto_frente,101.9008,100.0,-0.0998,0.0,-0.0,-0.0,108 100 0 0,0.0475,False,False,0.3293
133,ponto_frente,101.9173,100.0,-0.0931,0.0,-0.0,-0.0,108 100 0 0,0.0474,False,False,0.3288
134,ponto_frente,101.9337,100.0,-0.0858,0.0,-0.0,-0.0,108 100 0 0,0.0473,False,False,0.3282
135,ponto_frente,101.9501,100.0,-0.0783,0.0,-0.0,-0.0,108 100 0 0,0.0472,False,False,0.3278
136,ponto_frente,101.9665,100.0,-0.0707,0.0,-0.0,-0.0,108 100 0 0,0.0471,False,False,0.3273
137,ponto_frente,101.9828,100.0,-0.0634,0.0,-0.0,-0.0,108 100 0 0,0.0469,False,False,0.3267
138,ponto_frente,101.9991,100.0,-0.0564,0.0,-0.0,-0.0,108 100 0 0,0.0468,False,False,0.3262
139,ponto_frente,102.0154,100.0,-0.0501,0.0,-0.0,-0.0,108 100 0 0,0.0467,False,False,0.3256
140,ponto_frente,102.0316,100.0,-0.0446,0.0,-0.0,-0.0,108 100 0 0,0.0466,False,False,0.325
141,ponto_frente,102.0479,100.0,-0.04,0.0,-0.0,-0.0,108 100 0 0,0.0465,False,False,0.3247
142,ponto_frente,102.0641,100.0,-0.0366,0.0,-0.0,-0.0,108 100 0 0,0.0464,False,False,0.3241
143,ponto_frente,102.0802,100.0,-0.0343,0.0,-0.0,-0.0,108 100 0 0,0.0464,False,False,0.3235
144,ponto_frente,102.0964,100.0,-0.0332,0.0,-0.0,-0.0,108 100 0 0,0.0463,False,False,0.323
145,ponto_frente,102.1125,100.0,-0.0335,0.0,-0.0,-0.0,108 100 0 0,0.0462,False,False,0.3224
146,ponto_frente,102.1286,100.0,-0.035,0.0,-0.0,-0.0,108 100 0 0,0.0462,False,False,0.322
147,ponto_frente,102.1447,100.0,-0.0378,0.0,-0.0,-0.0,108 100 0 0,0.0461,False,False,0.3214
148,ponto_frente,102.1607,100.0,-0.0418,0.0,-0.0,-0.0,108 100 0 0,0.0461,False,False,0.3209
149,ponto_frente,102.1767,100.0,-0.0468,0.0,-0.0,-0.0,108 100 0 0,0.046,False,False,0.3203
150,ponto_frente,102.1927,100.0,-0.0527,0.0,-0.0,-0.0,108 100 0 0,0.0459,False,False,0.3198
151,ponto_frente,102.2087,100.0,-0.0593,0.0,-0.0,-0.0,108 100 0 0,0.0458,False,False,0.3192
152,ponto_frente,102.2246,100.0,-0.0663,0.0,-0.0,-0.0,108 100 0 0,0.0457,False,False,0.3186
153,ponto_frente,102.2405,100.0,-0.0736,0.0,-0.0,-0.0,108 100 0 0,0.0456,False,False,0.3181
154,ponto_frente,102.2564,100.0,-0.081,0.0,-0.0,-0.0,108 100 0 0,0.0454,False,False,0.3177
155,ponto_frente,102.2723,100.0,-0.0881,0.0,-0.0,-0.0,108 100 0 0,0.0453,False,False,0.3171
156,ponto_frente,102.2881,100.0,-0.0948,0.0,-0.0,-0.0,108 100 0 0,0.0452,False,False,0.3165
157,ponto_frente,102.3039,100.0,-0.1009,0.0,-0.0,-0.0,108 100 0 0,0.0451,False,False,0.316
158,ponto_frente,102.3197,100.0,-0.1061,0.0,-0.0,-0.0,108 100 0 0,0.045,False,False,0.3154
159,ponto_frente,102.3354,100.0,-0.1105,0.0,-0.0,-0.0,108 100 0 0,0.045,False,False,0.3148
160,ponto_frente,102.3511,100.0,-0.1138,0.0,-0.0,-0.0,108 100 0 0,0.045,False,False,0.3143
161,ponto_frente,102.3668,100.0,-0.1159,0.0,-0.0,-0.0,108 100 0 0,0.045,False,False,0.3139
162,ponto_frente,102.3825,100.0,-0.1168,0.0,-0.0,-0.0,108 100 0 0,0.0449,False,False,0.3133
163,ponto_frente,102.3981,100.0,-0.1165,0.0,-0.0,-0.0,108 100 0 0,0.0449,False,False,0.3127
164,ponto_frente,102.4137,100.0,-0.1149,0.0,-0.0,-0.0,108 100 0 0,0.045,False,False,0.3122
165,ponto_frente,102.4293,100.0,-0.1121,0.0,-0.0,-0.0,108 100 0 0,0.0449,False,False,0.3116
166,ponto_frente,102.4448,100.0,-0.1082,0.0,-0.0,-0.0,108 100 0 0,0.0449,False,False,0.311
167,ponto_frente,102.4604,100.0,-0.1032,0.0,-0.0,-0.0,108 100 0 0,0.0449,False,False,0.3105
168,ponto_frente,102.4759,100.0,-0.0974,0.0,-0.0,-0.0,108 100 0 0,0.0448,False,False,0.3099
169,ponto_frente,102.4913,100.0,-0.091,0.0,-0.0,-0.0,108 100 0 0,0.0448,False,False,0.3094
170,ponto_frente,102.5068,100.0,-0.0841,0.0,-0.0,-0.0,108 100 0 0,0.0447,False,False,0.3088
171,ponto_frente,102.5222,100.0,-0.077,0.0,-0.0,-0.0,108 100 0 0,0.0446,False,False,0.3082
172,ponto_frente,102.5376,100.0,-0.0698,0.0,-0.0,-0.0,108 100 0 0,0.0445,False,False,0.3078
173,ponto_frente,102.5529,100.0,-0.0629,0.0,-0.0,-0.0,108 100 0 0,0.0444,False,False,0.3073
174,ponto_frente,102.5683,100.0,-0.0564,0.0,-0.0,-0.0,108 100 0 0,0.0442,False,False,0.3065
175,ponto_frente,102.5836,100.0,-0.0506,0.0,-0.0,-0.0,108 100 0 0,0.0442,False,False,0.3061
176,ponto_frente,102.5989,100.0,-0.0455,0.0,-0.0,-0.0,108 100 0 0,0.0441,False,False,0.3056
177,ponto_frente,102.6141,100.0,-0.0413,0.0,-0.0,-0.0,108 100 0 0,0.044,False,False,0.305
178,ponto_frente,102.6293,100.0,-0.0382,0.0,-0.0,-0.0,108 100 0 0,0.044,False,False,0.3044
179,ponto_frente,102.6445,100.0,-0.0362,0.0,-0.0,-0.0,108 100 0 0,0.0439,False,False,0.3038
180,ponto_frente,102.6597,100.0,-0.0354,0.0,-0.0,-0.0,108 100 0 0,0.0439,False,False,0.3033
181,ponto_frente,102.6748,100.0,-0.0358,0.0,-0.0,-0.0,108 100 0 0,0.0439,False,False,0.3029
182,ponto_frente,102.6899,100.0,-0.0374,0.0,-0.0,-0.0,108 100 0 0,0.0438,False,False,0.3023
183,ponto_frente,102.705,100.0,-0.0402,0.0,-0.0,-0.0,108 100 0 0,0.0438,False,False,0.3017
184,ponto_frente,102.7201,100.0,-0.0442,0.0,-0.0,-0.0,108 100 0 0,0.0438,False,False,0.3012
185,ponto_frente,102.7351,100.0,-0.0491,0.0,-0.0,-0.0,108 100 0 0,0.0437,False,False,0.3006
186,ponto_frente,102.7501,100.0,-0.0548,0.0,-0.0,-0.0,108 100 0 0,0.0436,False,False,0.3
187,ponto_frente,102.7651,100.0,-0.0611,0.0,-0.0,-0.0,108 100 0 0,0.0436,False,False,0.2995
188,ponto_frente,102.78,100.0,-0.0679,0.0,-0.0,-0.0,108 100 0 0,0.0435,False,False,0.2989
189,ponto_frente,102.795,100.0,-0.0748,0.0,-0.0,-0.0,108 100 0 0,0.0434,False,False,0.2985
190,ponto_frente,102.8099,100.0,-0.0818,0.0,-0.0,-0.0,108 100 0 0,0.0433,False,False,0.2979
191,ponto_frente,102.8247,100.0,-0.0885,0.0,-0.0,-0.0,108 100 0 0,0.0432,False,False,0.2972
192,ponto_frente,102.8396,100.0,-0.0948,0.0,-0.0,-0.0,108 100 0 0,0.0432,False,False,0.2968
193,ponto_frente,102.8544,100.0,-0.1005,0.0,-0.0,-0.0,108 100 0 0,0.0431,False,False,0.2962
194,ponto_frente,102.8692,100.0,-0.1055,0.0,-0.0,-0.0,108 100 0 0,0.0431,False,False,0.2957
195,ponto_frente,102.8839,100.0,-0.1095,0.0,-0.0,-0.0,108 100 0 0,0.0431,False,False,0.2951
196,ponto_frente,102.8986,100.0,-0.1125,0.0,-0.0,-0.0,108 100 0 0,0.0431,False,False,0.2945
197,ponto_frente,102.9133,100.0,-0.1143,0.0,-0.0,-0.0,108 100 0 0,0.0431,False,False,0.294
198,ponto_frente,102.928,100.0,-0.1151,0.0,-0.0,-0.0,108 100 0 0,0.0431,False,False,0.2934
199,ponto_frente,102.9427,100.0,-0.1146,0.0,-0.0,-0.0,108 100 0 0,0.0432,False,False,0.293
200,ponto_frente,102.9573,100.0,-0.1129,0.0,-0.0,-0.0,108 100 0 0,0.0433,False,False,0.2924
201,ponto_lado,102.9719,100.0,-0.11,0.0,-0.0,-0.0,108 106 0 0,0.0433,False,False,0.2919
202,ponto_lado,102.9865,100.0,-0.1061,0.0,-0.0,-0.0,108 106 0 0,0.0436,False,False,0.2934
203,ponto_lado,103.0014,100.0,-0.1012,-0.0,0.0,0.0004,108 106 0 0,0.0442,False,False,0.2972
204,ponto_lado,103.0164,100.0,-0.0956,-0.0,0.0,0.0008,108 106 0 0,0.0447,False,False,0.3006
205,ponto_lado,103.0316,100.0,-0.0893,-0.0,0.0,0.0015,108 106 0 0,0.0452,False,False,0.304
206,ponto_lado,103.047,100.0,-0.0827,-0.0,0.0,0.0023,108 106 0 0,0.0457,False,False,0.3072
207,ponto_lado,103.0625,100.0,-0.0758,-0.0,0.0,0.0033,108 106 0 0,0.0461,False,False,0.3102
208,ponto_lado,103.0782,100.0,-0.069,-0.0,0.0,0.0045,108 106 0 0,0.0465,False,False,0.3131
209,ponto_lado,103.0939,100.0,-0.0624,-0.0,0.0,0.0059,108 106 0 0,0.0468,False,False,0.3157
210,ponto_lado,103.1099,100.0,-0.0563,-0.0,0.0,0.0074,108 106 0 0,0.0472,False,False,0.3183
211,ponto_lado,103.1259,100.0,-0.0508,-0.0,0.0,0.0092,108 106 0 0,0.0476,False,False,0.3209
212,ponto_lado,103.1421,100.0,-0.046,-0.0,0.0,0.0111,108 106 0 0,0.0479,False,False,0.3232
213,ponto_lado,103.1583,100.0,-0.0421,-0.0,0.0,0.0132,108 106 0 0,0.0483,False,False,0.3255
214,ponto_lado,103.1747,100.0,-0.0392,-0.0,0.0,0.0155,108 106 0 0,0.0486,False,False,0.3276
215,ponto_lado,103.1912,100.0,-0.0375,-0.0,0.0,0.018,108 106 0 0,0.049,False,False,0.3294
216,ponto_lado,103.2078,100.0,-0.0369,-0.0,0.0,0.0206,108 106 0 0,0.0494,False,False,0.3314
217,ponto_lado,103.2244,100.0,-0.0374,-0.0,0.0,0.0235,108 106 0 0,0.0497,False,False,0.3333
218,ponto_lado,103.2412,100.0,-0.0392,-0.0,0.0,0.0265,108 106 0 0,0.05,False,False,0.3351
219,ponto_lado,103.258,100.0,-0.0421,-0.0,0.0,0.0297,108 106 0 0,0.0503,False,False,0.3365
220,ponto_lado,103.2749,100.0,-0.046,-0.0,0.0,0.0331,108 106 0 0,0.0507,False,False,0.3381
221,ponto_lado,103.2919,100.0,-0.0508,-0.0,0.0,0.0367,108 106 0 0,0.0509,False,False,0.3395
222,ponto_lado,103.3089,100.0,-0.0564,-0.0,0.0,0.0405,108 106 0 0,0.0512,False,False,0.3409
223,ponto_lado,103.326,100.0,-0.0626,-0.0,0.0,0.0445,108 106 0 0,0.0514,False,False,0.3423
224,ponto_lado,103.3432,100.0,-0.0692,-0.0,0.0,0.0486,108 106 0 0,0.0516,False,False,0.3433
225,ponto_lado,103.3604,100.0,-0.0759,-0.0,0.0,0.053,108 106 0 0,0.0519,False,False,0.3445
226,ponto_lado,103.3777,100.0001,-0.0826,-0.0,0.0,0.0575,108 106 0 0,0.052,False,False,0.3455
227,ponto_lado,103.395,100.0001,-0.089,-0.0,0.0,0.0622,108 106 0 0,0.0523,False,False,0.3467
228,ponto_lado,103.4124,100.0001,-0.0951,-0.0,0.0,0.0672,108 106 0 0,0.0525,False,False,0.3474
229,ponto_lado,103.4298,100.0001,-0.1005,-0.0,0.0,0.0723,108 106 0 0,0.0527,False,False,0.3484
230,ponto_lado,103.4473,100.0001,-0.1051,-0.0,0.0,0.0775,108 106 0 0,0.053,False,False,0.3493
231,ponto_lado,103.4648,100.0001,-0.1088,-0.0,0.0,0.083,108 106 0 0,0.0532,False,False,0.3499
232,ponto_lado,103.4823,100.0001,-0.1116,-0.0,0.0,0.0887,108 106 0 0,0.0535,False,False,0.3506
233,ponto_lado,103.4999,100.0001,-0.1132,-0.0,0.0,0.0946,108 106 0 0,0.0539,False,False,0.3514
234,ponto_lado,103.5175,100.0001,-0.1138,-0.0,0.0,0.1006,108 106 0 0,0.0542,False,False,0.352
235,ponto_lado,103.5351,100.0002,-0.1131,-0.0,0.0,0.1069,108 106 0 0,0.0545,False,False,0.3525
236,ponto_lado,103.5528,100.0002,-0.1113,-0.0,0.0,0.1133,108 106 0 0,0.0548,False,False,0.3531
237,ponto_lado,103.5704,100.0002,-0.1084,-0.0,0.0,0.1199,108 106 0 0,0.0551,False,False,0.3535
238,ponto_lado,103.5881,100.0002,-0.1045,-0.0,0.0,0.1268,108 106 0 0,0.0554,False,False,0.354
239,ponto_lado,103.6059,100.0002,-0.0997,-0.0,0.0,0.1338,108 106 0 0,0.0557,False,False,0.3545
240,ponto_lado,103.6236,100.0003,-0.0941,-0.0,0.0,0.141,108 106 0 0,0.056,False,False,0.3549
241,ponto_lado,103.6414,100.0003,-0.088,-0.0,0.0,0.1484,108 106 0 0,0.0562,False,False,0.3551
242,ponto_lado,103.6591,100.0003,-0.0815,-0.0,0.0,0.156,108 106 0 0,0.0565,False,False,0.3555
243,ponto_lado,103.6769,100.0003,-0.0748,-0.0,0.0,0.1638,108 106 0 0,0.0567,False,False,0.3557
244,ponto_lado,103.6947,100.0004,-0.0683,-0.0,0.0,0.1718,108 106 0 0,0.0569,False,False,0.356
245,ponto_lado,103.7125,100.0004,-0.0619,-0.0,0.0,0.18,108 106 0 0,0.0571,False,False,0.3563
246,ponto_lado,103.7304,100.0004,-0.056,-0.0,0.0,0.1884,108 106 0 0,0.0573,False,False,0.3564
247,ponto_lado,103.7482,100.0005,-0.0507,-0.0,0.0,0.1969,108 106 0 0,0.0575,False,False,0.3566
248,ponto_lado,103.766,100.0005,-0.0462,-0.0,0.0,0.2057,108 106 0 0,0.0578,False,False,0.3568
249,ponto_lado,103.7839,100.0005,-0.0426,-0.0,0.0,0.2147,108 106 0 0,0.058,False,False,0.3569
250,ponto_lado,103.8017,100.0006,-0.04,-0.0,0.0,0.2239,108 106 0 0,0.0583,False,False,0.3569
251,ponto_lado,103.8196,100.0006,-0.0384,-0.0,0.0,0.2332,108 106 0 0,0.0586,False,False,0.3571
252,ponto_lado,103.8374,100.0007,-0.038,-0.0,0.0,0.2428,108 106 0 0,0.059,False,False,0.3572
253,ponto_lado,103.8553,100.0007,-0.0387,-0.0,0.0,0.2525,108 106 0 0,0.0593,False,False,0.3571
254,ponto_lado,103.8731,100.0008,-0.0406,-0.0,0.0,0.2625,108 106 0 0,0.0596,False,False,0.3572
255,ponto_lado,103.891,100.0008,-0.0435,-0.0,0.0,0.2727,108 106 0 0,0.0599,False,False,0.3572
256,ponto_lado,103.9089,100.0009,-0.0474,-0.0,0.0,0.283,108 106 0 0,0.0603,False,False,0.3572
257,ponto_lado,103.9267,100.0009,-0.0523,-0.0,0.0,0.2936,108 106 0 0,0.0606,False,False,0.3572
258,ponto_lado,103.9446,100.001,-0.0578,-0.0,0.0,0.3043,108 106 0 0,0.0609,False,False,0.3572
259,ponto_lado,103.9624,100.001,-0.0639,-0.0,0.0,0.3153,108 106 0 0,0.0611,False,False,0.3571
260,ponto_lado,103.9803,100.0011,-0.0703,-0.0,0.0,0.3264,108 106 0 0,0.0614,False,False,0.3571
261,ponto_lado,103.9981,100.0012,-0.0769,-0.0,0.0,0.3378,108 106 0 0,0.0617,False,False,0.3571
262,ponto_lado,104.016,100.0012,-0.0834,-0.0,0.0,0.3494,108 106 0 0,0.062,False,False,0.3569
263,ponto_lado,104.0338,100.0013,-0.0896,-0.0,0.0,0.3611,108 106 0 0,0.0623,False,False,0.3568
264,ponto_lado,104.0517,100.0014,-0.0954,-0.0,0.0,0.3731,108 106 0 0,0.0626,False,False,0.3566
265,ponto_lado,104.0695,100.0014,-0.1005,-0.0,0.0,0.3852,108 106 0 0,0.063,False,False,0.3566
266,ponto_lado,104.0873,100.0015,-0.105,-0.0,0.0,0.3976,108 106 0 0,0.0634,False,False,0.3564
267,ponto_lado,104.1051,100.0016,-0.1085,-0.0,0.0,0.4102,108 106 0 0,0.0638,False,False,0.3563
268,ponto_lado,104.1229,100.0017,-0.111,-0.0,0.0,0.4229,108 106 0 0,0.0643,False,False,0.3561
269,ponto_lado,104.1407,100.0018,-0.1125,-0.0,0.0,0.4359,108 106 0 0,0.0648,False,False,0.356
270,ponto_lado,104.1585,100.0019,-0.1128,-0.0,0.0,0.4491,108 106 0 0,0.0653,False,False,0.3558
271,ponto_lado,104.1763,100.002,-0.112,-0.0,0.0,0.4625,108 106 0 0,0.0659,False,False,0.3557
272,ponto_lado,104.1941,100.0021,-0.1101,-0.0,0.0,0.4761,108 106 0 0,0.0664,False,False,0.3555
273,ponto_lado,104.2119,100.0022,-0.1071,-0.0,0.0,0.4899,108 106 0 0,0.0669,False,False,0.3554
274,ponto_lado,104.2296,100.0023,-0.1032,-0.0,0.0,0.5039,108 106 0 0,0.0675,False,False,0.3551
275,ponto_lado,104.2474,100.0024,-0.0983,-0.0,0.0,0.5181,108 106 0 0,0.068,False,False,0.3549
276,ponto_lado,104.2651,100.0025,-0.0928,-0.0,0.0,0.5325,108 106 0 0,0.0685,False,False,0.3548
277,ponto_lado,104.2828,100.0026,-0.0868,-0.0,0.0,0.5471,108 106 0 0,0.0689,False,False,0.3545
278,ponto_lado,104.3005,100.0027,-0.0804,-0.0,0.0,0.5619,108 106 0 0,0.0694,False,False,0.3543
279,ponto_lado,104.3182,100.0029,-0.0739,-0.0,0.0,0.577,108 106 0 0,0.0698,False,False,0.3542
280,ponto_lado,104.3359,100.003,-0.0675,-0.0,0.0,0.5922,108 106 0 0,0.0702,False,False,0.3539
281,ponto_lado,104.3536,100.0031,-0.0614,-0.0,0.0,0.6077,108 106 0 0,0.0706,False,False,0.3537
282,ponto_lado,104.3713,100.0033,-0.0557,-0.0,0.0,0.6233,108 106 0 0,0.0711,False,False,0.3534
283,ponto_lado,104.3889,100.0034,-0.0506,-0.0,0.0,0.6392,108 106 0 0,0.0715,False,False,0.3533
284,ponto_lado,104.4066,100.0036,-0.0463,-0.0,0.0,0.6552,108 106 0 0,0.072,False,False,0.3529
285,ponto_lado,104.4242,100.0037,-0.0429,-0.0,0.0,0.6715,108 106 0 0,0.0725,False,False,0.3528
286,ponto_lado,104.4419,100.0039,-0.0405,-0.0,0.0,0.688,108 106 0 0,0.073,False,False,0.3525
287,ponto_lado,104.4595,100.004,-0.0391,-0.0,0.0,0.7047,108 106 0 0,0.0735,False,False,0.3523
288,ponto_lado,104.4771,100.0042,-0.0388,-0.0,0.0,0.7216,108 106 0 0,0.0741,False,False,0.3519
289,ponto_lado,104.4947,100.0044,-0.0397,-0.0,0.0,0.7388,108 106 0 0,0.0746,False,False,0.3519
290,ponto_lado,104.5122,100.0045,-0.0416,-0.0,0.0,0.7561,108 106 0 0,0.0752,False,False,0.3514
291,ponto_lado,104.5298,100.0047,-0.0447,-0.0,0.0,0.7736,108 106 0 0,0.0758,False,False,0.3513
292,ponto_lado,104.5473,100.0049,-0.0487,-0.0,0.0,0.7914,108 106 0 0,0.0763,False,False,0.3511
293,ponto_lado,104.5649,100.0051,-0.0535,-0.0,0.0,0.8094,108 106 0 0,0.0768,False,False,0.3507
294,ponto_lado,104.5824,100.0053,-0.059,-0.0,0.0,0.8275,108 106 0 0,0.0773,False,False,0.3505
295,ponto_lado,104.5999,100.0055,-0.065,-0.0,0.0,0.8459,108 106 0 0,0.0777,False,False,0.3504
296,ponto_lado,104.6174,100.0057,-0.0713,-0.0,0.0,0.8645,108 106 0 0,0.0781,False,False,0.3499
297,ponto_lado,104.6349,100.0059,-0.0777,-0.0,0.0,0.8833,108 106 0 0,0.0786,False,False,0.3498
298,ponto_lado,104.6524,100.0061,-0.0841,-0.0,0.0,0.9024,108 106 0 0,0.079,False,False,0.3495
299,ponto_lado,104.6698,100.0064,-0.0902,-0.0,0.0,0.9216,108 106 0 0,0.0794,False,False,0.3491
300,ponto_lado,104.6873,100.0066,-0.0958,-0.0,0.0,0.9411,108 106 0 0,0.0799,False,False,0.349
301,ponto_lado,104.7047,100.0068,-0.1007,-0.0,0.0,0.9608,108 106 0 0,0.0803,False,False,0.3487
302,ponto_lado,104.7221,100.0071,-0.1049,-0.0,0.0,0.9806,108 106 0 0,0.0808,False,False,0.3484
303,ponto_lado,104.7395,100.0073,-0.1083,-0.0,0.0,1.0008,108 106 0 0,0.0813,False,False,0.3481
304,ponto_lado,104.7569,100.0076,-0.1106,-0.0,0.0,1.0211,108 106 0 0,0.0819,False,False,0.3479
305,ponto_lado,104.7743,100.0078,-0.1119,-0.0,0.0,1.0416,108 106 0 0,0.0824,False,False,0.3476
306,ponto_lado,104.7917,100.0081,-0.1121,-0.0,0.0,1.0624,108 106 0 0,0.083,False,False,0.3473
307,ponto_lado,104.809,100.0084,-0.1112,-0.0,0.0,1.0833,108 106 0 0,0.0836,False,False,0.347
308,ponto_lado,104.8264,100.0086,-0.1091,-0.0,0.0,1.1045,108 106 0 0,0.0841,False,False,0.3467
309,ponto_lado,104.8437,100.0089,-0.1061,-0.0,0.0,1.1259,108 106 0 0,0.0846,False,False,0.3466
310,ponto_lado,104.861,100.0092,-0.102,-0.0,0.0,1.1475,108 106 0 0,0.0851,False,False,0.3463
311,ponto_lado,104.8783,100.0095,-0.0972,-0.0,0.0,1.1694,108 106 0 0,0.0855,False,False,0.346
312,ponto_lado,104.8956,100.0098,-0.0917,-0.0,0.0,1.1914,108 106 0 0,0.0859,False,False,0.3457
313,ponto_lado,104.9128,100.0101,-0.0857,-0.0,0.0,1.2137,108 106 0 0,0.0863,False,False,0.3455
314,ponto_lado,104.9301,100.0104,-0.0794,-0.0,0.0,1.2362,108 106 0 0,0.0865,False,False,0.3452
315,ponto_lado,104.9473,100.0108,-0.0731,-0.0,0.0,1.2589,108 106 0 0,0.0867,False,False,0.3449
316,ponto_lado,104.9646,100.0111,-0.0668,-0.0,0.0,1.2819,108 106 0 0,0.0869,False,False,0.3446
317,ponto_lado,104.9818,100.0114,-0.0608,-0.0,0.0,1.305,108 106 0 0,0.087,False,False,0.3443
318,ponto_lado,104.999,100.0118,-0.0553,-0.0,0.0,1.3284,108 106 0 0,0.0872,False,False,0.3442
319,ponto_lado,105.0162,100.0121,-0.0504,-0.0,0.0,1.352,108 106 0 0,0.0873,False,False,0.3439
320,ponto_lado,105.0333,100.0125,-0.0463,-0.0,0.0,1.3758,108 106 0 0,0.0874,False,False,0.3436
321,ponto_lado,105.0505,100.0129,-0.043,-0.0,0.0,1.3998,108 106 0 0,0.0875,False,False,0.3432
322,ponto_lado,105.0676,100.0132,-0.0408,-0.0,0.0,1.4241,108 106 0 0,0.0876,False,False,0.3429
323,ponto_lado,105.0848,100.0136,-0.0396,-0.0,0.0,1.4486,108 106 0 0,0.0877,False,False,0.3428
324,ponto_lado,105.1019,100.014,-0.0395,-0.0,0.0,1.4733,108 106 0 0,0.0878,False,False,0.3425
325,ponto_lado,105.119,100.0144,-0.0405,-0.0,0.0,1.4982,108 106 0 0,0.0878,False,False,0.3422
326,ponto_lado,105.1361,100.0148,-0.0425,-0.0,0.0,1.5233,108 106 0 0,0.0878,False,False,0.3419
327,ponto_lado,105.1532,100.0152,-0.0456,-0.0,0.0,1.5487,108 106 0 0,0.0878,False,False,0.3417
328,ponto_lado,105.1702,100.0157,-0.0497,-0.0,0.0,1.5743,108 106 0 0,0.0877,False,False,0.3414
329,ponto_lado,105.1873,100.0161,-0.0545,-0.0,0.0,1.6001,108 106 0 0,0.0875,False,False,0.3411
330,ponto_lado,105.2043,100.0165,-0.06,-0.0,0.0,1.6261,108 106 0 0,0.0873,False,False,0.3408
331,ponto_lado,105.2214,100.017,-0.066,-0.0,0.0,1.6524,108 106 0 0,0.087,False,False,0.3405
332,ponto_lado,105.2384,100.0174,-0.0723,-0.0,0.0,1.6789,108 106 0 0,0.0866,False,False,0.3404
333,ponto_lado,105.2554,100.0179,-0.0786,-0.0,0.0,1.7056,108 106 0 0,0.0862,False,False,0.3401
334,ponto_lado,105.2724,100.0184,-0.0848,-0.0,0.0,1.7326,108 106 0 0,0.0858,False,False,0.3398
335,ponto_lado,105.2893,100.0188,-0.0907,-0.0,0.0,1.7597,108 106 0 0,0.0853,False,False,0.3396
336,ponto_lado,105.3063,100.0193,-0.0962,-0.0,0.0,1.7871,108 106 0 0,0.0849,False,False,0.3393
337,ponto_lado,105.3232,100.0198,-0.101,-0.0,0.0,1.8147,108 106 0 0,0.0844,False,False,0.339
338,ponto_lado,105.3402,100.0203,-0.105,-0.0,0.0,1.8426,108 106 0 0,0.0839,False,False,0.3387
339,ponto_lado,105.3571,100.0209,-0.1082,-0.0,0.0,1.8706,108 106 0 0,0.0834,False,False,0.3384
340,ponto_lado,105.374,100.0214,-0.1103,-0.0,0.0,1.8989,108 106 0 0,0.083,False,False,0.3383
341,ponto_lado,105.3909,100.0219,-0.1115,-0.0,0.0,1.9275,108 106 0 0,0.0825,False,False,0.338
342,ponto_lado,105.4078,100.0225,-0.1115,-0.0,0.0,1.9562,108 106 0 0,0.082,False,False,0.3379
343,ponto_lado,105.4246,100.023,-0.1104,-0.0,0.0,1.9852,108 106 0 0,0.0814,False,False,0.3374
344,ponto_lado,105.4415,100.0236,-0.1083,-0.0,0.0,2.0144,108 106 0 0,0.0809,False,False,0.3373
345,ponto_lado,105.4583,100.0241,-0.1051,-0.0,0.0,2.0438,108 106 0 0,0.0803,False,False,0.3371
346,ponto_lado,105.4751,100.0247,-0.1011,-0.0,0.0,2.0735,108 106 0 0,0.0796,False,False,0.3367
347,ponto_lado,105.492,100.0253,-0.0962,-0.0,0.0,2.1034,108 106 0 0,0.0788,False,False,0.3365
348,ponto_lado,105.5088,100.0259,-0.0907,-0.0,0.0,2.1335,108 106 0 0,0.078,False,False,0.3362
349,ponto_lado,105.5256,100.0265,-0.0847,-0.0,0.0,2.1639,108 106 0 0,0.077,False,False,0.3361
350,ponto_lado,105.5423,100.0271,-0.0785,-0.0,0.0,2.1945,108 106 0 0,0.0761,False,False,0.3356
351,ponto_lado,105.5591,100.0278,-0.0722,-0.0,0.0,2.2253,108 106 0 0,0.075,False,False,0.3355
352,ponto_lado,105.5758,100.0284,-0.066,-0.0,0.0,2.2563,108 106 0 0,0.0739,False,False,0.3353
353,ponto_lado,105.5926,100.029,-0.0602,-0.0,0.0,2.2876,108 106 0 0,0.0728,False,False,0.335
354,ponto_lado,105.6093,100.0297,-0.0548,-0.0,0.0,2.3191,108 106 0 0,0.0716,False,False,0.3347
355,ponto_lado,105.626,100.0304,-0.0501,-0.0,0.0,2.3508,108 106 0 0,0.0705,False,False,0.3344
356,ponto_lado,105.6427,100.031,-0.0461,-0.0,0.0,2.3828,108 106 0 0,0.0693,False,False,0.3343
357,ponto_lado,105.6594,100.0317,-0.0431,-0.0,0.0,2.415,108 106 0 0,0.0681,False,False,0.334
358,ponto_lado,105.6761,100.0324,-0.041,-0.0,0.0,2.4474,108 106 0 0,0.067,False,False,0.3338
359,ponto_lado,105.6927,100.0331,-0.0399,-0.0,0.0,2.4801,108 106 0 0,0.0658,False,False,0.3336
360,ponto_lado,105.7094,100.0338,-0.04,-0.0,0.0,2.513,108 106 0 0,0.0646,False,False,0.3332
361,ponto_lado,105.726,100.0346,-0.0411,-0.0,0.0,2.5461,108 106 0 0,0.0634,False,False,0.3331
362,ponto_lado,105.7426,100.0353,-0.0433,-0.0,0.0,2.5795,108 106 0 0,0.0622,False,False,0.3328
363,ponto_lado,105.7593,100.036,-0.0465,-0.0,0.0,2.6131,108 106 0 0,0.0609,False,False,0.3325
364,ponto_lado,105.7759,100.0368,-0.0506,-0.0,0.0,2.6469,108 106 0 0,0.0596,False,False,0.3324
365,ponto_lado,105.7924,100.0376,-0.0555,-0.0,0.0,2.681,108 106 0 0,0.0582,False,False,0.3321
366,ponto_lado,105.809,100.0384,-0.061,-0.0,0.0,2.7153,108 106 0 0,0.0568,False,False,0.3319
367,ponto_lado,105.8256,100.0391,-0.067,-0.0,0.0,2.7499,108 106 0 0,0.0554,False,False,0.3316
368,ponto_lado,105.8421,100.0399,-0.0732,-0.0,0.0,2.7846,108 106 0 0,0.0539,False,False,0.3313
369,ponto_lado,105.8587,100.0407,-0.0794,-0.0,0.0,2.8196,108 106 0 0,0.0524,False,False,0.3312
370,ponto_lado,105.8752,100.0416,-0.0855,-0.0,0.0,2.8549,108 106 0 0,0.0509,False,False,0.3309
371,ponto_lado,105.8917,100.0424,-0.0913,-0.0,0.0,2.8904,108 106 0 0,0.0494,False,False,0.3308
372,ponto_lado,105.9082,100.0432,-0.0967,-0.0,0.0,2.9261,108 106 0 0,0.048,False,False,0.3305
373,ponto_lado,105.9247,100.0441,-0.1013,-0.0,0.0,2.962,108 106 0 0,0.0466,False,False,0.3302
374,ponto_lado,105.9412,100.045,-0.1052,-0.0,0.0,2.9982,108 106 0 0,0.0452,False,False,0.33
375,ponto_lado,105.9577,100.0458,-0.1082,-0.0,0.0,3.0347,108 106 0 0,0.0438,False,False,0.3299
376,ponto_lado,105.9741,100.0467,-0.1102,-0.0,0.0,3.0713,108 106 0 0,0.0425,False,False,0.3296
377,ponto_lado,105.9906,100.0476,-0.1112,-0.0,0.0,3.1082,108 106 0 0,0.0412,False,False,0.3293
378,ponto_lado,106.007,100.0485,-0.111,-0.0,0.0,3.1454,108 106 0 0,0.0399,False,False,0.3292
379,ponto_lado,106.0234,100.0494,-0.1098,-0.0,0.0,3.1828,108 106 0 0,0.0386,False,False,0.3289
380,ponto_lado,106.0398,100.0503,-0.1076,-0.0,0.0,3.2204,108 106 0 0,0.0373,False,False,0.3287
381,ponto_lado,106.0562,100.0513,-0.1043,-0.0,0.0,3.2582,108 106 0 0,0.036,False,False,0.3284
382,ponto_lado,106.0726,100.0522,-0.1002,-0.0,0.0,3.2963,108 106 0 0,0.0346,False,False,0.3283
383,ponto_lado,106.089,100.0532,-0.0953,-0.0,0.0,3.3347,108 106 0 0,0.0333,False,False,0.328
384,ponto_lado,106.1053,100.0542,-0.0898,-0.0,0.0,3.3732,108 106 0 0,0.0319,False,False,0.3279
385,ponto_lado,106.1217,100.0551,-0.0838,-0.0,0.0,3.4121,108 106 0 0,0.0305,False,False,0.3276
386,ponto_lado,106.138,100.0561,-0.0776,-0.0,0.0,3.4511,108 106 0 0,0.029,False,False,0.3275
387,ponto_lado,106.1544,100.0571,-0.0714,-0.0,0.0,3.4904,108 106 0 0,0.0276,False,False,0.3271
388,ponto_lado,106.1707,100.0582,-0.0653,-0.0,0.0,3.5299,108 106 0 0,0.0261,False,False,0.327
389,ponto_lado,106.187,100.0592,-0.0596,-0.0,0.0,3.5697,108 106 0 0,0.0246,False,False,0.3269
390,ponto_lado,106.2033,100.0602,-0.0543,-0.0,0.0,3.6097,108 106 0 0,0.0232,False,False,0.3264
391,ponto_lado,106.2196,100.0613,-0.0497,-0.0,0.0,3.65,108 106 0 0,0.0218,False,False,0.3264
392,ponto_lado,106.2358,100.0623,-0.0459,-0.0,0.0,3.6905,108 106 0 0,0.0205,False,False,0.3262
393,ponto_lado,106.2521,100.0634,-0.043,-0.0,0.0,3.7312,108 106 0 0,0.0191,False,False,0.3259
394,ponto_lado,106.2683,100.0645,-0.0411,-0.0,0.0,3.7722,108 106 0 0,0.0178,False,False,0.3257
395,ponto_lado,106.2846,100.0656,-0.0402,-0.0,0.0,3.8135,108 106 0 0,0.0165,False,False,0.3256
396,ponto_lado,106.3008,100.0667,-0.0404,-0.0,0.0,3.8549,108 106 0 0,0.0153,False,False,0.3253
397,ponto_lado,106.317,100.0678,-0.0417,-0.0,0.0,3.8966,108 106 0 0,0.0141,False,False,0.3252
398,ponto_lado,106.3332,100.0689,-0.044,-0.0,0.0,3.9386,108 106 0 0,0.0129,False,False,0.3249
399,ponto_lado,106.3494,100.0701,-0.0473,-0.0,0.0,3.9808,108 106 0 0,0.0116,False,False,0.3248
400,ponto_lado,106.3656,100.0712,-0.0515,-0.0,0.0,4.0232,108 106 0 0,0.0104,False,True,0.3246
401,volta_origem,106.3818,100.0724,-0.0564,-0.0,0.0,4.0659,100 100 0 0,0.0091,False,True,0.3243
402,volta_origem,106.398,100.0735,-0.0619,-0.0,0.0,4.1091,100 100 0 0,0.0078,False,True,0.3243
403,volta_origem,106.4142,100.0747,-0.0679,-0.0,0.0,4.1528,100 100 0 0,0.0065,False,True,0.3245
404,volta_origem,106.4304,100.0759,-0.074,-0.0,0.0,4.1972,100 100 0 0,0.0052,False,True,0.3247
405,volta_origem,106.4466,100.0771,-0.0802,-0.0,0.0,4.2422,100 100 0 0,0.0039,False,True,0.325
406,volta_origem,106.4628,100.0784,-0.0863,-0.0,0.0,4.2879,100 100 0 0,0.0027,False,True,0.325
407,volta_origem,106.479,100.0796,-0.092,-0.0,0.0,4.3341,100 100 0 0,0.0014,False,True,0.3255
408,volta_origem,106.4952,100.0809,-0.0971,-0.0,0.0,4.381,100 100 0 0,0.0002,False,True,0.3255
409,volta_origem,106.5115,100.0821,-0.1017,-0.0,0.0,4.4286,100 100 0 0,-0.0009,False,True,0.326
410,volta_origem,106.5277,100.0834,-0.1054,-0.0,0.0,4.4767,100 100 0 0,-0.002,False,True,0.3262
411,volta_origem,106.544,100.0847,-0.1082,-0.0,0.0,4.5255,100 100 0 0,-0.0031,False,True,0.3265
412,volta_origem,106.5603,100.086,-0.1101,-0.0,0.0,4.5749,100 100 0 0,-0.0042,False,True,0.3268
413,volta_origem,106.5766,100.0873,-0.1109,-0.0,0.0,4.6249,100 100 0 0,-0.0052,False,True,0.3271
414,volta_origem,106.5929,100.0886,-0.1107,-0.0,0.0,4.6755,100 100 0 0,-0.0062,False,True,0.3275
415,volta_origem,106.6092,100.09,-0.1093,-0.0,0.0,4.7268,100 100 0 0,-0.0071,False,True,0.3278
416,volta_origem,106.6256,100.0914,-0.1069,-0.0,0.0,4.7786,100 100 0 0,-0.0081,False,True,0.3281
417,volta_origem,106.642,100.0927,-0.1036,-0.0,0.0,4.8311,100 100 0 0,-0.0091,False,True,0.3286
418,volta_origem,106.6583,100.0941,-0.0994,-0.0,0.0,4.8843,100 100 0 0,-0.0101,False,True,0.3288
419,volta_origem,106.6748,100.0955,-0.0944,-0.0,0.0,4.938,100 100 0 0,-0.0111,False,True,0.3294
420,volta_origem,106.6912,100.0969,-0.0889,-0.0,0.0,4.9924,100 100 0 0,-0.0121,False,True,0.3296
421,volta_origem,106.7076,100.0984,-0.0829,-0.0,0.0,5.0473,100 100 0 0,-0.0131,False,True,0.3301
422,volta_origem,106.7241,100.0998,-0.0768,-0.0,0.0,5.1029,100 100 0 0,-0.0141,False,True,0.3306
423,volta_origem,106.7406,100.1013,-0.0706,-0.0,0.0,5.1592,100 100 0 0,-0.0152,False,True,0.3309
424,volta_origem,106.7571,100.1028,-0.0646,-0.0,0.0,5.216,100 100 0 0,-0.0162,False,True,0.3314
425,volta_origem,106.7736,100.1043,-0.059,-0.0,0.0,5.2734,100 100 0 0,-0.0171,False,True,0.3317
426,volta_origem,106.7901,100.1058,-0.0538,-0.0,0.0,5.3315,100 100 0 0,-0.0181,False,True,0.3322
427,volta_origem,106.8067,100.1073,-0.0494,-0.0,0.0,5.3902,100 100 0 0,-0.0191,False,True,0.3327
428,volta_origem,106.8233,100.1089,-0.0457,-0.0,0.0,5.4495,100 100 0 0,-0.02,False,True,0.3332
429,volta_origem,106.8399,100.1104,-0.043,-0.0,0.0,5.5094,100 100 0 0,-0.0209,False,True,0.3335
430,volta_origem,106.8565,100.112,-0.0412,-0.0,0.0,5.5699,100 100 0 0,-0.0217,False,True,0.3341
431,volta_origem,106.8732,100.1136,-0.0404,-0.0,0.0,5.6311,100 100 0 0,-0.0226,False,True,0.3345
432,volta_origem,106.8898,100.1152,-0.0408,-0.0,0.0,5.6928,100 100 0 0,-0.0234,False,True,0.335
433,volta_origem,106.9065,100.1168,-0.0422,-0.0,0.0,5.7552,100 100 0 0,-0.0242,False,True,0.3354
434,volta_origem,106.9232,100.1185,-0.0446,-0.0,0.0,5.8182,100 100 0 0,-0.025,False,True,0.3359
435,volta_origem,106.94,100.1201,-0.048,-0.0,0.0,5.8818,100 100 0 0,-0.0258,False,True,0.3364
436,volta_origem,106.9567,100.1218,-0.0523,-0.0,0.0,5.946,100 100 0 0,-0.0266,False,True,0.3369
437,volta_origem,106.9735,100.1235,-0.0573,-0.0,0.0,6.0108,100 100 0 0,-0.0274,False,True,0.3374
438,volta_origem,106.9903,100.1252,-0.0628,-0.0,0.0,6.0762,100 100 0 0,-0.0282,False,True,0.3379
439,volta_origem,107.0072,100.1269,-0.0687,-0.0,0.0,6.1422,100 100 0 0,-0.029,False,True,0.3385
440,volta_origem,107.024,100.1287,-0.0749,-0.0,0.0,6.2088,100 100 0 0,-0.0298,False,True,0.3389
441,volta_origem,107.0409,100.1304,-0.081,-0.0,0.0,6.2761,100 100 0 0,-0.0306,False,True,0.3395
442,volta_origem,107.0578,100.1322,-0.087,-0.0,0.0,6.3439,100 100 0 0,-0.0313,False,True,0.3398
443,volta_origem,107.0747,100.134,-0.0926,-0.0,0.0,6.4124,100 100 0 0,-0.032,False,True,0.3405
444,volta_origem,107.0917,100.1358,-0.0977,-0.0,0.0,6.4814,100 100 0 0,-0.0327,False,True,0.341
445,volta_origem,107.1087,100.1377,-0.1021,-0.0,0.0,6.5511,100 100 0 0,-0.0334,False,True,0.3416
446,volta_origem,107.1257,100.1395,-0.1056,-0.0,0.0,6.6214,100 100 0 0,-0.034,False,True,0.342
447,volta_origem,107.1427,100.1414,-0.1083,-0.0,0.0,6.6922,100 100 0 0,-0.0346,False,True,0.3426
448,volta_origem,107.1597,100.1433,-0.11,-0.0,0.0,6.7637,100 100 0 0,-0.0352,False,True,0.3431
449,volta_origem,107.1768,100.1452,-0.1107,-0.0,0.0,6.8358,100 100 0 0,-0.0358,False,True,0.3438
450,volta_origem,107.1939,100.1471,-0.1103,-0.0,0.0,6.9085,100 100 0 0,-0.0363,False,True,0.3441
451,volta_origem,107.2111,100.149,-0.1089,-0.0,0.0,6.9817,100 100 0 0,-0.0368,False,True,0.3448
452,volta_origem,107.2282,100.151,-0.1064,-0.0,0.0,7.0556,100 100 0 0,-0.0374,False,True,0.3454
453,volta_origem,107.2454,100.153,-0.1029,-0.0,0.0,7.1301,100 100 0 0,-0.0379,False,True,0.3458
454,volta_origem,107.2626,100.155,-0.0986,-0.0,0.0,7.2052,100 100 0 0,-0.0384,False,True,0.3464
455,volta_origem,107.2798,100.157,-0.0936,-0.0,0.0,7.2808,100 100 0 0,-0.039,False,True,0.3469
456,volta_origem,107.2971,100.159,-0.088,-0.0,0.0,7.3571,100 100 0 0,-0.0396,False,True,0.3475
457,volta_origem,107.3144,100.1611,-0.0821,-0.0,0.0,7.434,100 100 0 0,-0.0401,False,True,0.348
458,volta_origem,107.3317,100.1632,-0.0759,-0.0,0.0,7.5114,100 100 0 0,-0.0407,False,True,0.3487
459,volta_origem,107.349,100.1653,-0.0698,-0.0,0.0,7.5895,100 100 0 0,-0.0413,False,True,0.3491
460,volta_origem,107.3664,100.1674,-0.0639,-0.0,0.0,7.6681,100 100 0 0,-0.0419,False,True,0.3499
461,volta_origem,107.3837,100.1695,-0.0583,-0.0,0.0,7.7474,100 100 0 0,-0.0424,False,True,0.3502
462,volta_origem,107.4011,100.1717,-0.0533,-0.0,0.0,7.8272,100 100 0 0,-0.043,False,True,0.3509
463,volta_origem,107.4186,100.1738,-0.049,-0.0,0.0,7.9076,100 100 0 0,-0.0435,False,True,0.3515
464,volta_origem,107.4361,100.176,-0.0455,-0.0,0.0,7.9886,100 100 0 0,-0.044,False,True,0.352
465,volta_origem,107.4535,100.1782,-0.0428,-0.0,0.0,8.0703,100 100 0 0,-0.0444,False,True,0.3525
466,volta_origem,107.4711,100.1805,-0.0412,-0.0,0.0,8.1525,100 100 0 0,-0.0449,False,True,0.3532
467,volta_origem,107.4886,100.1827,-0.0406,-0.0,0.0,8.2352,100 100 0 0,-0.0453,False,True,0.3537
468,volta_origem,107.5062,100.185,-0.0411,-0.0,0.0,8.3186,100 100 0 0,-0.0458,False,True,0.3543
469,volta_origem,107.5238,100.1873,-0.0426,-0.0,0.0,8.4026,100 100 0 0,-0.0462,False,True,0.3548
470,volta_origem,107.5414,100.1896,-0.0452,-0.0,0.0,8.4871,100 100 0 0,-0.0466,False,True,0.3553
471,volta_origem,107.559,100.1919,-0.0487,-0.0,0.0,8.5723,100 100 0 0,-0.0471,False,True,0.356
472,volta_origem,107.5767,100.1943,-0.053,-0.0,0.0,8.658,100 100 0 0,-0.0475,False,True,0.3567
473,volta_origem,107.5944,100.1966,-0.0581,-0.0,0.0,8.7443,100 100 0 0,-0.0479,False,True,0.3572
474,volta_origem,107.6121,100.199,-0.0636,-0.0,0.0,8.8312,100 100 0 0,-0.0484,False,True,0.3577
475,volta_origem,107.6299,100.2015,-0.0696,-0.0,0.0,8.9186,100 100 0 0,-0.0488,False,True,0.3583
476,volta_origem,107.6477,100.2039,-0.0757,-0.0,0.0,9.0067,100 100 0 0,-0.0493,False,True,0.3588
477,volta_origem,107.6655,100.2063,-0.0818,-0.0,0.0,9.0953,100 100 0 0,-0.0497,False,True,0.3595
478,volta_origem,107.6833,100.2088,-0.0877,-0.0,0.0,9.1845,100 100 0 0,-0.0501,False,True,0.36
479,volta_origem,107.7011,100.2113,-0.0932,-0.0,0.0,9.2743,100 100 0 0,-0.0505,False,True,0.3607
480,volta_origem,107.719,100.2138,-0.0982,-0.0,0.0,9.3647,100 100 0 0,-0.0509,False,True,0.3612
481,volta_origem,107.7369,100.2164,-0.1024,-0.0,0.0,9.4556,100 100 0 0,-0.0512,False,True,0.3619
482,volta_origem,107.7549,100.2189,-0.1059,-0.0,0.0,9.5472,100 100 0 0,-0.0516,False,True,0.3624
483,volta_origem,107.7729,100.2215,-0.1085,-0.0,0.0,9.6393,100 100 0 0,-0.0519,False,True,0.363
484,volta_origem,107.7908,100.2241,-0.11,-0.0,0.0,9.7319,100 100 0 0,-0.0521,False,True,0.3635
485,volta_origem,107.8089,100.2267,-0.1106,-0.0,0.0,9.8252,100 100 0 0,-0.0525,False,True,0.3642
486,volta_origem,107.8269,100.2294,-0.11,-0.0,0.0,9.919,100 100 0 0,-0.0527,False,True,0.3647
487,volta_origem,107.845,100.232,-0.1084,-0.0,0.0,10.0134,100 100 0 0,-0.053,False,True,0.3652
488,volta_origem,107.8631,100.2347,-0.1058,-0.0,0.0,10.1084,100 100 0 0,-0.0533,False,True,0.3659
489,volta_origem,107.8812,100.2374,-0.1022,-0.0,0.0,10.2039,100 100 0 0,-0.0535,False,True,0.3666
490,volta_origem,107.8993,100.2402,-0.0979,-0.0,0.0,10.3,100 100 0 0,-0.0538,False,True,0.3671
491,volta_origem,107.9175,100.2429,-0.0928,-0.0,0.0,10.3967,100 100 0 0,-0.0541,False,True,0.3677
492,volta_origem,107.9357,100.2457,-0.0872,-0.0,0.0,10.4939,100 100 0 0,-0.0545,False,True,0.3683
493,volta_origem,107.954,100.2485,-0.0812,-0.0,0.0,10.5918,100 100 0 0,-0.0548,False,True,0.3688
494,volta_origem,107.9722,100.2513,-0.0751,-0.0,0.0,10.6901,100 100 0 0,-0.0551,False,True,0.3695
495,volta_origem,107.9905,100.2541,-0.069,-0.0,0.0,10.7891,100 100 0 0,-0.0555,False,True,0.3701
496,volta_origem,108.0088,100.257,-0.0632,-0.0,0.0,10.8886,100 100 0 0,-0.0558,False,True,0.3707
497,volta_origem,108.0271,100.2599,-0.0577,-0.0,0.0,10.9887,100 100 0 0,-0.0561,False,True,0.3712
498,volta_origem,108.0455,100.2628,-0.0528,-0.0,0.0,11.0893,100 100 0 0,-0.0564,False,True,0.3719
499,volta_origem,108.0639,100.2657,-0.0486,-0.0,0.0,11.1905,100 100 0 0,-0.0567,False,True,0.3724
500,volta_origem,108.0823,100.2686,-0.0452,-0.0,0.0,11.2923,100 100 0 0,-0.057,False,True,0.373
501,volta_origem,108.1008,100.2716,-0.0427,-0.0,0.0,11.3946,100 100 0 0,-0.0573,False,True,0.3737
502,volta_origem,108.1192,100.2746,-0.0412,-0.0,0.0,11.4975,100 100 0 0,-0.0575,False,True,0.3741
503,volta_origem,108.1377,100.2776,-0.0408,-0.0,0.0,11.6009,100 100 0 0,-0.0578,False,True,0.3749
504,volta_origem,108.1562,100.2807,-0.0414,-0.0,0.0,11.7049,100 100 0 0,-0.058,False,True,0.3753
505,volta_origem,108.1748,100.2837,-0.043,-0.0,0.0,11.8094,100 100 0 0,-0.0583,False,True,0.3761
506,volta_origem,108.1934,100.2868,-0.0457,-0.0,0.0,11.9145,100 100 0 0,-0.0585,False,True,0.3765
507,volta_origem,108.212,100.2899,-0.0493,-0.0,0.0,12.0202,100 100 0 0,-0.0587,False,True,0.3771
508,volta_origem,108.2306,100.293,-0.0537,-0.0,0.0,12.1264,100 100 0 0,-0.059,False,True,0.3778
509,volta_origem,108.2493,100.2962,-0.0588,-0.0,0.0,12.2332,100 100 0 0,-0.0593,False,True,0.3784
510,volta_origem,108.2679,100.2993,-0.0645,-0.0,0.0,12.3405,100 100 0 0,-0.0595,False,True,0.379
511,volta_origem,108.2866,100.3025,-0.0704,-0.0,0.0,12.4484,100 100 0 0,-0.0598,False,True,0.3794
512,volta_origem,108.3054,100.3057,-0.0765,-0.0,0.0,12.5568,100 100 0 0,-0.0601,False,True,0.3802
513,volta_origem,108.3241,100.309,-0.0826,-0.0,0.0,12.6658,100 100 0 0,-0.0603,False,True,0.3808
514,volta_origem,108.3429,100.3122,-0.0884,-0.0,0.0,12.7753,100 100 0 0,-0.0606,False,True,0.3813
515,volta_origem,108.3617,100.3155,-0.0938,-0.0,0.0,12.8853,100 100 0 0,-0.0608,False,True,0.382
516,volta_origem,108.3806,100.3188,-0.0987,-0.0,0.0,12.996,100 100 0 0,-0.0611,False,True,0.3825
517,volta_origem,108.3994,100.3222,-0.1029,-0.0,0.0,13.1071,100 100 0 0,-0.0613,False,True,0.383
518,volta_origem,108.4183,100.3255,-0.1062,-0.0,0.0,13.2188,100 100 0 0,-0.0615,False,True,0.3837
519,volta_origem,108.4372,100.3289,-0.1086,-0.0,0.0,13.331,100 100 0 0,-0.0616,False,True,0.3842
520,volta_origem,108.4562,100.3323,-0.11,-0.0,0.0,13.4438,100 100 0 0,-0.0618,False,True,0.3849
521,volta_origem,108.4751,100.3357,-0.1104,-0.0,0.0,13.5572,100 100 0 0,-0.062,False,True,0.3854
522,volta_origem,108.4941,100.3391,-0.1097,-0.0,0.0,13.671,100 100 0 0,-0.0621,False,True,0.3861
523,volta_origem,108.5132,100.3426,-0.108,-0.0,0.0,13.7854,100 100 0 0,-0.0623,False,True,0.3867
524,volta_origem,108.5322,100.3461,-0.1053,-0.0,0.0,13.9004,100 100 0 0,-0.0625,False,True,0.3872
525,volta_origem,108.5513,100.3496,-0.1016,-0.0,0.0,14.0158,100 100 0 0,-0.0626,False,True,0.3879
526,volta_origem,108.5704,100.3531,-0.0971,-0.0,0.0,14.1319,100 100 0 0,-0.0628,False,True,0.3884
527,volta_origem,108.5895,100.3567,-0.092,-0.0,0.0,14.2484,100 100 0 0,-0.063,False,True,0.3891
528,volta_origem,108.6086,100.3603,-0.0864,-0.0,0.0,14.3655,100 100 0 0,-0.0632,False,True,0.3895
529,volta_origem,108.6278,100.3639,-0.0804,-0.0,0.0,14.4831,100 100 0 0,-0.0635,False,True,0.3903
530,volta_origem,108.647,100.3675,-0.0743,-0.0,0.0,14.6013,100 100 0 0,-0.0637,False,True,0.3907
531,volta_origem,108.6662,100.3711,-0.0683,-0.0,0.0,14.7199,100 100 0 0,-0.0639,False,True,0.3914
532,volta_origem,108.6855,100.3748,-0.0625,-0.0,0.0,14.8392,100 100 0 0,-0.0641,False,True,0.3921
533,volta_origem,108.7048,100.3785,-0.0571,-0.0,0.0,14.9589,100 100 0 0,-0.0643,False,True,0.3925
534,volta_origem,108.7241,100.3822,-0.0523,-0.0,0.0,15.0792,100 100 0 0,-0.0645,False,True,0.3931
535,volta_origem,108.7434,100.386,-0.0482,-0.0,0.0,15.2,100 100 0 0,-0.0648,False,True,0.3938
536,volta_origem,108.7628,100.3897,-0.0449,-0.0,0.0,15.3213,100 100 0 0,-0.0649,False,True,0.3942
537,volta_origem,108.7821,100.3935,-0.0425,-0.0,0.0,15.4431,100 100 0 0,-0.0651,False,True,0.3949
538,volta_origem,108.8015,100.3973,-0.0412,-0.0,0.0,15.5655,100 100 0 0,-0.0653,False,True,0.3956
539,volta_origem,108.821,100.4012,-0.0409,-0.0,0.0,15.6884,100 100 0 0,-0.0654,False,True,0.396
540,volta_origem,108.8404,100.405,-0.0416,-0.0,0.0,15.8118,100 100 0 0,-0.0656,False,True,0.3967
541,volta_origem,108.8599,100.4089,-0.0434,-0.0,0.0,15.9357,100 100 0 0,-0.0658,False,True,0.3974
542,volta_origem,108.8794,100.4128,-0.0462,-0.0,0.0,16.0602,100 100 0 0,-0.0659,False,True,0.3978
543,volta_origem,108.8989,100.4168,-0.0499,-0.0,0.0,16.1851,100 100 0 0,-0.0661,False,True,0.3985
544,volta_origem,108.9185,100.4207,-0.0545,-0.0,0.0,16.3106,100 100 0 0,-0.0663,False,True,0.399
545,volta_origem,108.9381,100.4247,-0.0596,-0.0,0.0,16.4366,100 100 0 0,-0.0665,False,True,0.3997
546,volta_origem,108.9577,100.4287,-0.0653,-0.0,0.0,16.5632,100 100 0 0,-0.0667,False,True,0.4001
547,volta_origem,108.9773,100.4327,-0.0713,-0.0,0.0,16.6902,100 100 0 0,-0.0669,False,True,0.4008
548,volta_origem,108.997,100.4368,-0.0773,-0.0,0.0,16.8177,100 100 0 0,-0.0671,False,True,0.4013
549,volta_origem,109.0166,100.4408,-0.0834,-0.0,0.0,16.9458,100 100 0 0,-0.0673,False,True,0.402
550,volta_origem,109.0363,100.4449,-0.0891,-0.0,0.0,17.0744,100 100 0 0,-0.0675,False,True,0.4024
551,volta_origem,109.0561,100.4491,-0.0945,-0.0,0.0,17.2035,100 100 0 0,-0.0676,False,True,0.4031
552,volta_origem,109.0758,100.4532,-0.0992,-0.0,0.0,17.333,100 100 0 0,-0.0678,False,True,0.4036
553,volta_origem,109.0956,100.4574,-0.1033,-0.0,0.0,17.4631,100 100 0 0,-0.068,False,True,0.4043
554,volta_origem,109.1154,100.4615,-0.1065,-0.0,0.0,17.5938,100 100 0 0,-0.0681,False,True,0.4047
555,volta_origem,109.1352,100.4658,-0.1088,-0.0,0.0,17.7249,100 100 0 0,-0.0682,False,True,0.4055
556,volta_origem,109.1551,100.47,-0.11,-0.0,0.0,17.8565,100 100 0 0,-0.0683,False,True,0.406
557,volta_origem,109.175,100.4743,-0.1103,-0.0,0.0,17.9886,100 100 0 0,-0.0685,False,True,0.4065
558,volta_origem,109.1949,100.4786,-0.1095,-0.0,0.0,18.1212,100 100 0 0,-0.0686,False,True,0.4071
559,volta_origem,109.2148,100.4829,-0.1076,-0.0,0.0,18.2543,100 100 0 0,-0.0687,False,True,0.4078
560,volta_origem,109.2347,100.4872,-0.1048,-0.0,0.0,18.388,100 100 0 0,-0.0688,False,True,0.4082
561,volta_origem,109.2547,100.4916,-0.101,-0.0,0.0,18.5221,100 100 0 0,-0.069,False,True,0.4089
562,volta_origem,109.2747,100.4959,-0.0964,-0.0,0.0,18.6567,100 100 0 0,-0.0691,False,True,0.4094
563,volta_origem,109.2947,100.5004,-0.0912,-0.0,0.0,18.7918,100 100 0 0,-0.0692,False,True,0.41
564,volta_origem,109.3148,100.5048,-0.0855,-0.0,0.0,18.9274,100 100 0 0,-0.0694,False,True,0.4105
565,volta_origem,109.3348,100.5092,-0.0796,-0.0,0.0,19.0635,100 100 0 0,-0.0696,False,True,0.4112
566,volta_origem,109.3549,100.5137,-0.0735,-0.0,0.0,19.2001,100 100 0 0,-0.0697,False,True,0.4116
567,volta_origem,109.375,100.5182,-0.0675,-0.0,0.0,19.3372,100 100 0 0,-0.0699,False,True,0.4122
568,volta_origem,109.3952,100.5228,-0.0618,-0.0,0.0,19.4748,100 100 0 0,-0.0701,False,True,0.4129
569,volta_origem,109.4153,100.5273,-0.0565,-0.0,0.0,19.6129,100 100 0 0,-0.0703,False,True,0.4135
570,volta_origem,109.4355,100.5319,-0.0517,-0.0,0.0,19.7514,100 100 0 0,-0.0704,False,True,0.4138
571,volta_origem,109.4557,100.5365,-0.0478,-0.0,0.0,19.8905,100 100 0 0,-0.0706,False,True,0.4145
572,volta_origem,109.476,100.5411,-0.0446,-0.0,0.0,20.03,100 100 0 0,-0.0707,False,True,0.4151
573,volta_origem,109.4962,100.5458,-0.0424,-0.0,0.0,20.17,100 100 0 0,-0.0709,False,True,0.4157
574,volta_origem,109.5165,100.5504,-0.0412,-0.0,0.0,20.3105,100 100 0 0,-0.071,False,True,0.4162
575,volta_origem,109.5368,100.5551,-0.041,-0.0,0.0,20.4515,100 100 0 0,-0.0712,False,True,0.4168
576,volta_origem,109.5571,100.5599,-0.0419,-0.0,0.0,20.593,100 100 0 0,-0.0713,False,True,0.4173
577,volta_origem,109.5775,100.5646,-0.0438,-0.0,0.0,20.735,100 100 0 0,-0.0714,False,True,0.4179
578,volta_origem,109.5978,100.5694,-0.0467,-0.0,0.0,20.8774,100 100 0 0,-0.0715,False,True,0.4183
579,volta_origem,109.6182,100.5742,-0.0506,-0.0,0.0,21.0203,100 100 0 0,-0.0717,False,True,0.419
580,volta_origem,109.6386,100.579,-0.0552,-0.0,0.0,21.1637,100 100 0 0,-0.0719,False,True,0.4196
581,volta_origem,109.6591,100.5838,-0.0604,-0.0,0.0,21.3075,100 100 0 0,-0.072,False,True,0.4201
582,volta_origem,109.6796,100.5887,-0.0661,-0.0,0.0,21.4519,100 100 0 0,-0.0722,False,True,0.4207
583,volta_origem,109.7,100.5936,-0.0721,-0.0,0.0,21.5967,100 100 0 0,-0.0723,False,True,0.4211
584,volta_origem,109.7205,100.5985,-0.0781,-0.0,0.0,21.742,100 100 0 0,-0.0725,False,True,0.4218
585,volta_origem,109.7411,100.6035,-0.0841,-0.0,0.0,21.8877,100 100 0 0,-0.0726,False,True,0.4224
586,volta_origem,109.7616,100.6085,-0.0898,-0.0,0.0,22.034,100 100 0 0,-0.0728,False,True,0.4228
587,volta_origem,109.7822,100.6134,-0.0951,-0.0,0.0,22.1807,100 100 0 0,-0.0729,False,True,0.4233
588,volta_origem,109.8028,100.6185,-0.0998,-0.0,0.0,22.3278,100 100 0 0,-0.0731,False,True,0.4239
589,volta_origem,109.8234,100.6235,-0.1037,-0.0,0.0,22.4755,100 100 0 0,-0.0732,False,True,0.4246
590,volta_origem,109.844,100.6286,-0.1068,-0.0,0.0,22.6236,100 100 0 0,-0.0733,False,True,0.4249
591,volta_origem,109.8647,100.6337,-0.1089,-0.0,0.0,22.7721,100 100 0 0,-0.0734,False,True,0.4256
592,volta_origem,109.8854,100.6388,-0.1101,-0.0,0.0,22.9211,100 100 0 0,-0.0735,False,True,0.4261
593,volta_origem,109.9061,100.644,-0.1102,-0.0,0.0,23.0706,100 100 0 0,-0.0736,False,True,0.4266
594,volta_origem,109.9268,100.6491,-0.1092,-0.0,0.0,23.2206,100 100 0 0,-0.0737,False,True,0.4271
595,volta_origem,109.9475,100.6543,-0.1072,-0.0,0.0,23.371,100 100 0 0,-0.0738,False,True,0.4277
596,volta_origem,109.9683,100.6595,-0.1042,-0.0,0.0,23.5218,100 100 0 0,-0.0739,False,True,0.4283
597,volta_origem,109.9891,100.6648,-0.1004,-0.0,0.0,23.6732,100 100 0 0,-0.074,False,True,0.4287
598,volta_origem,110.0099,100.6701,-0.0957,-0.0,0.0,23.825,100 100 0 0,-0.0741,True,True,0.4294
599,volta_origem,110.0307,100.6753,-0.0905,-0.0,0.0,23.9772,100 100 0 0,-0.0743,True,True,0.4298
600,volta_origem,110.0516,100.6807,-0.0848,-0.0,0.0,24.1299,100 100 0 0,-0.0744,True,True,0.4302
